total,refugees.csv
Fassala,fassala.csv
Mentao,mentao.csv
Dori,dori.csv
Damba,damba.csv
Djibo,djibo.csv
Niamey,niamey.csv
Mangaize,mangaize.csv
Ayorou,ayorou.csv
Tahoua,tahoua.csv
Abala,abala.csv