total,refugees.csv
Hamdayet,sud-hamdayet.csv
Lugdi,sud-lugdi.csv
Abderafi,sud-abderafi.csv
Wad_Al_Mahi,sud-wad_al_mahi.csv
Sehra,dummy_er-sehra.csv
Tsorona,dummy_er-tsorona.csv
Galafi,dummy_dji-galafi.csv
Gondar,dummy_et-gondar.csv
Bahir_Dar,dummy_et-bahir_dar.csv
