Abobo,abobo.csv
Albula_Lencha,albula_lencha.csv
Andido,andido.csv
Anshokala_Hiro,anshokala_hiro.csv
Aysaita,aysaita.csv
Bale,bale.csv
Berta,berta.csv
Budul,budul.csv
Bundada_Flash_Flood,bundada_flash_flood.csv
Bur_Dheedi,bur_dheedi.csv
Bur_Gaabo,bur_gaabo.csv
Bur-Shakadi,bur-shakadi.csv
Ceca,ceca.csv
Chefa_Keransa,chefa_keransa.csv
China_Camp,china_camp.csv
Chiticha_Kuntufa,chiticha_kuntufa.csv
Daba_Katuur,daba_katuur.csv
Dalifagi,dalifagi.csv
Damerey,damerey.csv
Danyere,danyere.csv
Dattdamum,dattdamum.csv
Dawuro,dawuro.csv
Dharkaynwayd,dharkaynwayd.csv
Dollo_Ado,dollo_ado.csv
Dudi_Dero,dudi_dero.csv
East_Imi_Town,east_imi_town.csv
Eeba,eeba.csv
Eyole,eyole.csv
Fandde_Ejersa,fandde_ejersa.csv
Ferfer,ferfer.csv
Furfursa,furfursa.csv
Gabi_Kebele,gabi_kebele.csv
Gabulle,gabulle.csv
Gambadh_Ugaas,gambadh_ugaas.csv
Gambella,gambella.csv
Gan,gan.csv
Garab-Jabiye,garab-jabiye.csv
Gashantimo,gashantimo.csv
Gelcha,gelcha.csv
Haarcad,haarcad.csv
Hargele,hargele.csv
Hassoba,hassoba.csv
Hilo-Nagod,hilo-nagod.csv
Hobane_Laman,hobane_laman.csv
Jiban-Jible,jiban-jible.csv
Kabhanle,kabhanle.csv
Kaboobe,kaboobe.csv
Kada_Hurunto,kada_hurunto.csv
Kebele,kebele.csv
Kebridehar,kebridehar.csv
Kelafo,kelafo.csv
Keliwan,keliwan.csv
Konta,konta.csv
Korbeti,korbeti.csv
Kuachthiang,kuachthiang.csv
Kuerliey_Flood,kuerliey_flood.csv
Kullo,kullo.csv
Leitchour_Flood,leitchour_flood.csv
Ley,ley.csv
Libahle,libahle.csv
Lo_Dabal,lo_dabal.csv
Melokoza,melokoza.csv
Mender_Simint,mender_simint.csv
Methar_Health_Center,methar_health_center.csv
Mirdhis,mirdhis.csv
Mustahil,mustahil.csv
Oda_Nagele,oda_nagele.csv
Pajung_Village_Flood,pajung_village_flood.csv
Qudhac_Dher,qudhac_dher.csv
Qudhacle,qudhacle.csv
Raranle,raranle.csv
Refugees,refugees.csv
Refugees,refugees.csv
Sade_Guge,sade_guge.csv
Sadeti,sadeti.csv
Sanbate_Shalla,sanbate_shalla.csv
Saw_Halayto,saw_halayto.csv
Sediha_Holhol,sediha_holhol.csv
Segento,segento.csv
Semera,semera.csv
Shabelle_Zone,shabelle_zone.csv
Shashemene,shashemene.csv
Shashogo,shashogo.csv
Siigo-Dher,siigo-dher.csv
Waladaya_Gabare,waladaya_gabare.csv
Xidigta,xidigta.csv
Yahol_And_Gilo,yahol_and_gilo.csv
